keyword,subreddit,content_type,post_id,post_title,text,score,url,created_utc,id,author,similarity_score
,Home,comment,1pmjyg3,What type of siding do I have?,Batten down the hatches.,1,https://reddit.com/r/Home/comments/1pmjyg3/what_type_of_siding_do_i_have/nu2u74d/,1765760678.0,nu2u74d,Digitalabia,0.90380859375
,Home,comment,1p26n3z,Help me turn off my radiator?,What the hell kind of hack job was this,10,https://reddit.com/r/Home/comments/1p26n3z/help_me_turn_off_my_radiator/npv3ziu/,1763654963.0,npv3ziu,DCTheNotorious,0.78515625
,Home,comment,1p78wgw,$4000 Bathroom Renovation,Seems extremely low!,3,https://reddit.com/r/Home/comments/1p78wgw/4000_bathroom_renovation/nqvyqca/,1764168549.0,nqvyqca,MCAWTN,0.75732421875
,Home,comment,1pmxkel,"Another ""is this crack worrisome"" post",I’m not worried at all,1,https://reddit.com/r/Home/comments/1pmxkel/another_is_this_crack_worrisome_post/nva4b4p/,1766359650.0,nva4b4p,Agitated_Ad_9161,0.74365234375
,Home,comment,1p7qt68,Sink fell off?,how is that even possible,1,https://reddit.com/r/Home/comments/1p7qt68/sink_fell_off/nr1m0jv/,1764246891.0,nr1m0jv,Recent-Strawberry577,0.7099609375
,Home,comment,1p3y1fm,Roaches are driving me crazy what actually helps to get rid of them,You MUST hire an exterminator.,1,https://reddit.com/r/Home/comments/1p3y1fm/roaches_are_driving_me_crazy_what_actually_helps/nq97ewr/,1763846391.0,nq97ewr,Negativefalsehoods,0.689453125
,Home,comment,1pkn86f,does anyone know what this sound could be?,The mice are getting it ON,3,https://reddit.com/r/Home/comments/1pkn86f/does_anyone_know_what_this_sound_could_be/ntoi0ic/,1765561537.0,ntoi0ic,Arb-gamer,0.685546875
,Home,comment,1pn8rc4,My stove doesn’t have a vent or fan above it.,How can that be code?,1,https://reddit.com/r/Home/comments/1pn8rc4/my_stove_doesnt_have_a_vent_or_fan_above_it/nu5z8ku/,1765811254.0,nu5z8ku,NutmegManwithbigsack,0.68115234375
,Home,comment,1pmv8re,What colors should I paint my house?,"Bottom left, middle, or bottom right",1,https://reddit.com/r/Home/comments/1pmv8re/what_colors_should_i_paint_my_house/nu899xp/,1765835350.0,nu899xp,Smokinplants,0.6748046875
,Home,comment,1pjh4d0,Help!! Is this too much orange on the flame? And is it dangerous??,It’s not dangerous at all but you can just turn it down a bit.,6,https://reddit.com/r/Home/comments/1pjh4d0/help_is_this_too_much_orange_on_the_flame_and_is/ntdi4nm/,1765408418.0,ntdi4nm,Theresnowayoutahere,0.67138671875
,Home,comment,1pht9oz,Imagery in glass of almost 100 year old home,It looks interesting,1,https://reddit.com/r/Home/comments/1pht9oz/imagery_in_glass_of_almost_100_year_old_home/nu4fs2n/,1765785370.0,nu4fs2n,Informal_Battle4844,0.66943359375
,Home,comment,1peczdv,I’m mentally ill because of this damp wall.,I think your sense of being mentally ill may come from somewhere else,3,https://reddit.com/r/Home/comments/1peczdv/im_mentally_ill_because_of_this_damp_wall/nsbmpcp/,1764886274.0,nsbmpcp,TheRealOGDuffman,0.64697265625
,Home,comment,1pidr3n,How bad/urgent is this?,Wait for the explosion,1,https://reddit.com/r/Home/comments/1pidr3n/how_badurgent_is_this/nt5x1tk/,1765309126.0,nt5x1tk,Annual_Judge_7272,0.63330078125
,Home,comment,1pmgjml,Can I close this off,Not without consequences.,1,https://reddit.com/r/Home/comments/1pmgjml/can_i_close_this_off/nu0k0x8/,1765735574.0,nu0k0x8,odar420,0.63037109375
,Home,comment,1pq472c,Squirrels,Relocate the  squirrels first. I’ve had this happen before and they just rip their way back in since they feel like it’s their home now.,1,https://reddit.com/r/Home/comments/1pq472c/squirrels/nva5dml/,1766360024.0,nva5dml,Crazy-Project3858,0.6298828125
,Home,comment,1p91ort,How bad is it?,As bad as it looks. Probably worse,1,https://reddit.com/r/Home/comments/1p91ort/how_bad_is_it/nrqfqai/,1764607365.0,nrqfqai,RubixcubeIAm,0.6220703125
,Home,comment,1pl8v2o,Something killing my sump pumps in Northern NJ no,Never buy a house in a swamp area or on top of hard rock that doesn't let water drain.,13,https://reddit.com/r/Home/comments/1pl8v2o/something_killing_my_sump_pumps_in_northern_nj_no/ntqzj3u/,1765591620.0,ntqzj3u,Funny_Obligation2412,0.61865234375
,Home,comment,1p51ufn,Cracks around window/ceiling,Possible earthquake damage? Time for a structural engineer,1,https://reddit.com/r/Home/comments/1p51ufn/cracks_around_windowceiling/nqgjwhy/,1763948601.0,nqgjwhy,RubixcubeIAm,0.61328125
,Home,post,1ptevcf,Why is it making sounds,Why is it making sounds,2,https://v.redd.it/yuqetmj7fu8g1,1766447468.0,1ptevcf,Crepeiverse,0.6123046875
,Home,comment,1p3y1fm,Roaches are driving me crazy what actually helps to get rid of them,Nuclear weapons...maybe?,1,https://reddit.com/r/Home/comments/1p3y1fm/roaches_are_driving_me_crazy_what_actually_helps/nq8mi8k/,1763839535.0,nq8mi8k,Legitimate-Fan-4613,0.61181640625
,Home,comment,1p6se0k,How much weight can my attached garage hold?,Some.  And then some more,1,https://reddit.com/r/Home/comments/1p6se0k/how_much_weight_can_my_attached_garage_hold/nqt3mz5/,1764121383.0,nqt3mz5,WhtHppnd2Brndn,0.61083984375
,Home,comment,1pa37gy,Why is there a river under my house?,It’s not supposed to do that,4,https://reddit.com/r/Home/comments/1pa37gy/why_is_there_a_river_under_my_house/nrgrug1/,1764463357.0,nrgrug1,crossfitcowboy,0.607421875
,Home,comment,1pg4sk4,Would these cracks concern you in a new construction town home? We have toured 3 units all right next to each other and they have them in the same spot,"Run, run as fast as you can away from there.",1,https://reddit.com/r/Home/comments/1pg4sk4/would_these_cracks_concern_you_in_a_new/nsp7eaf/,1765076128.0,nsp7eaf,Two-tune-Tom229,0.60498046875
,Home,comment,1pbfkq1,How can I make the dryer fit?,Can you have the door open the other way?,1,https://reddit.com/r/Home/comments/1pbfkq1/how_can_i_make_the_dryer_fit/nrref1c/,1764617642.0,nrref1c,DarkHelmet20,0.6015625
